image,caption,short_description,story,story_grounded_ratio,story_entity_coverage,story_names,story_new_characters,story_new_places,story_repairs,flags
10010052.jpg,A woman in a blue shirt and blue jeans is standing on a skateboard .,A woman stands on a skateboard in a blue shirt and blue jeans.,"A woman stands on a skateboard, her blue shirt and jeans blending into the background. She leans forward slightly, balancing precariously over the board. Her eyes scan the area, searching for something she might need before taking off. As she steps back onto the skateboard, she smiles confidently, ready to embark on whatever adventure awaits.",0.8,1.0,0,0,0,1,0
1001465944.jpg,A group of people walking down a street .,A group of people walks down a street.,"The sun was just beginning to rise over the city, casting long shadows across the cobblestone streets below. A group of people strolled leisurely along the bustling avenue, chatting animatedly under the warm morning light. Some wore casual outfits, while others sported smart suits for workdays ahead. As they walked, their footsteps echoed softly against the pavement, blending seamlessly into the rhythm of the early morning commute.",0.421,1.0,0,0,0,0,0
1003163366.jpg,A man and a dog are sleeping on a bench .,A man sleeps on a bench while a dog rests nearby.,"The sun was beginning to set behind the tall trees when I found myself sitting alone on a wooden bench in a quiet park. It wasn't until I saw the figure lying on the bench that my eyes widened. There was a man asleep on the bench, his face peaceful, his head resting on his arms. Next to him lay a large, fluffy dog who seemed content to snore softly beside him. The sound of birds chirping filled the air around me, adding to the serene atmosphere.",0.706,1.0,0,1,2,1,0
100759042.jpg,A man in a gray hooded sweatshirt is looking at his cellphone .,A man in a gray hoodie looks at his cellphone.,"The man in the gray hooded sweatshirt sat on a bench under an overcast sky, staring intently at his cellphone screen. His fingers hovered over the touchpad, making barely perceptible taps against the glass. He seemed lost in thought, deep in conversation or maybe just scrolling through social media. The world around him was silent, save for the occasional rustle of leaves from nearby trees. As he continued to stare, his face remained expressionless, hiding any signs of emotion or distraction.",0.409,1.0,0,0,3,1,1
10082347.jpg,A man in a yellow shirt is holding onto a pole .,A man in a yellow shirt holds onto a pole.,"A man wearing a yellow shirt stands near a pole, his hands gripping the metal structure tightly. He looks determined, ready for whatever might come next.",0.833,1.0,0,0,0,1,1
1009434119.jpg,The black and white dog is running on the grass .,A black and white dog runs on the grass.,"The black and white dog bounded across the lush green grass, its fur glistening in the sun's warm rays. It ran swiftly, its tail twitching excitedly behind it, each step forward more determined than the last. As it approached a small stream nearby, the dog paused for a moment, nose pressed against the cool water, clearly relishing every drop splashing against its coat. Finally, after several circuits around the area, the dog turned back towards its owner, wagging its tail vigorously, eager to be reunited with its master who was waiting patiently under an old oak tree.",0.333,1.0,0,0,2,1,1
1009692167.jpg,A man in a green vest is walking his dog on the street .,A man in a green vest walks his dog on the street.,"The sun was just beginning to set over the bustling streets, casting long shadows across the pavement. In the distance, the occasional car drove past, its headlights illuminating the dimly lit area. A man dressed in a vibrant green vest walked his dog along the sidewalk, the leash taut as he kept a close eye on the furry companion. They passed by storefronts adorned with colorful banners advertising local businesses, each with its own unique charm. Occasionally, the dog would wag its tail or nuzzle against the man's leg, adding a touch of joy to the evening stroll. As they neared the corner, the man paused, allowing the dog to explore its surroundings before continuing their journey home.",0.471,1.0,0,0,1,1,0
1010470346.jpg,Two men are standing in front of a building with a white building in the background .,Two men stand in front of a white building with another building in the background.,"An elderly couple stands in front of an old, weathered building. The sun casts long shadows over their faces, highlighting wrinkles etched into their skin. In the distance, faintly visible through the fog, another building looms against the gray sky. They seem lost in thought, both looking directly ahead, each deep in their own reverie. Suddenly, a gust of wind blows past, rustling leaves and sending dust dancing around them. Despite the changing conditions outside, they remain immobile, lost in their silent conversation.",0.4,0.6,0,1,1,1,1
101093029.jpg,A man and a woman are walking in front of a building .,A man and a woman walk in front of a building.,"A man and a woman walked together in front of an old, weathered building. They held hands, their steps synchronized, as they explored the narrow alleyways behind the structure. Occasionally, the man would glance over his shoulder, making eye contact with the woman, whose smile was warm and inviting. As they continued their journey, their footsteps echoed softly against the cobblestones, creating a soothing melody underfoot.",0.737,1.0,0,0,0,0,1
1012150929.jpg,A young boy in a red shirt is playing an arcade game .,A young boy in a red shirt plays an arcade game.,"The young boy in a red shirt sat cross-legged on the worn wooden floor of an old arcade, his eyes glued to the neon lights above. He had been here for hours, fingers trembling as he pressed buttons with practiced precision. Suddenly, the screen flickered and a familiar character appeared, its eyes wide with excitement. ""Yes! Yes!"" the boy shouted, jumping up and down with joy. His mother's voice drifted through the air, urging him to be more careful. But the arcade was his sanctuary, where he could lose himself in the world of pixels and sound.",0.6,0.5,0,1,1,1,0
101362650.jpg,A group of children are practicing karate .,A group of children practice karate together.,"A group of children gathered around a wooden floor, each with a different colored belt tied around their waist. They practiced martial arts together, moving gracefully through various stances and punches. One child demonstrated a powerful kick while another expertly blocked an attack from behind. Despite the sweat dripping down their faces, their expressions remained focused and determined. Finally, satisfied with their progress, the group took a moment to rest before continuing their training session under the watchful gaze of a few adults who had joined them for support.",0.455,0.5,0,1,1,1,0
101471792.jpg,A man in a red coat is standing in front of a crowd of people .,A man in a red coat stands in front of a crowd of people.,"A man wearing a red coat stands in front of a crowd of people. They look around, curious about him. The man's face shows slight unease, as though he senses something unusual among these strangers. One person approaches cautiously, offering a smile and some conversation. Another person turns away, clearly uncomfortable. The man watches intently, his eyes scanning the faces for any sign of recognition or interest. As the crowd disperses, he steps forward, holding out his hand in greeting. He hopes to make friends within this diverse group.",0.84,1.0,0,0,0,1,1
1015584366.jpg,A black dog is running through the woods .,A black dog runs through the woods.,"A black dog bounded through the woods, its fur glistening in the sunlight. The tall pines towered overhead, casting dappled shadows beneath it. The air was cool and fresh, carrying the scent of pine needles and wildflowers. The dog’s tail swished behind it, eager for another chase. It leaped over fallen logs and ducked under low branches, disappearing into the thickets. As it ran, the dog’s eyes never left the ground, always searching for something elusive. Finally, it came to an abrupt halt near a clearing where the sun shone brightly through the canopy above. The dog lay down panting, its breath visible in the warm breeze.",0.37,1.0,0,0,1,1,1
10188041.jpg,A man in a black suit is standing in front of a red car .,A man in a black suit stands in front of a red car.,"A man in a black suit stands in front of a red car parked on the street corner. The sun filters through the clouds, casting a warm glow over the scene. The man's posture is steady, his expression neutral, as he observes the traffic around him. Occasionally, he checks his watch, indicating he might be waiting for someone or something. His hands are tucked into his pockets, suggesting he prefers to remain unnoticed. As the sound of approaching footsteps grows louder, the man turns his head slightly towards the direction of the commotion, his eyes widening slightly in anticipation. He steps forward cautiously, ready to greet whoever arrives.",0.64,1.0,0,0,1,1,0
1026792563.jpg,A group of people are gathered in a market .,A group of people gathers in an outdoor market.,"A group of people huddled around a colorful stall in the bustling market, each eager to explore the array of fruits, vegetables, and spices. They chatted animatedly, exchanging tips on where to find the freshest produce. One woman pulled a basket from under her arm, her eyes sparkling with excitement. Another man nodded in agreement, his hand resting on his chest, clearly pleased with himself for finding such a good deal.

As they continued their lively conversation, a vendor approached, offering discounts on certain items. The crowd buzzed with anticipation, waiting for him to finalize the deals. Suddenly, a scuffle broke out among some of the younger members, causing a commotion that quickly spread throughout the marketplace. The adults paused momentarily before resuming their discussions, though several still couldn't help but chuckle at the commotion.",0.441,1.0,0,3,0,1,1
1029737941.jpg,A woman in a black shirt is looking at a flower .,A woman in a black shirt looks at an unidentified flower.,"The woman in her black shirt sat cross-legged under an old oak tree, her eyes fixed intently on a delicate white flower nestled among the leaves. Her brow furrowed slightly as she studied its intricate petals and vibrant color. Suddenly, a soft breeze rustled through the branches, causing the flowers to sway gently. The woman's expression changed from concentration to delight as she bent closer to admire the bloom more closely. As she reached for the flower, her fingers brushed against the petal, sending a thrill of joy through her entire body. She pulled the flower closer, planting it carefully back into the soil where she had found it. With a contented sigh, she closed her eyes, feeling the warmth of the sun on her face and the gentle touch of nature around her.",0.516,1.0,0,0,1,1,1
102998070.jpg,A man in a gray shirt and a woman in a white shirt are looking at fish .,A man in a gray shirt looks at a fish while a woman in a white shirt watches.,"A man in a gray shirt and a woman in a white shirt approached a pond. They knelt down beside the water's edge, hands cupping each side of the glassy surface. The man squinted intently, his eyes narrowing slightly as he studied the fish swimming beneath the surface. The woman leaned closer, her lips pursing in concentration. Suddenly, she exclaimed, ""There! I think I see something moving!"" The man nodded, his face lighting up with excitement. He reached for the camera, snapping a few quick shots before turning back to the fish.",0.667,1.0,0,0,2,1,1
1030041880.jpg,A woman in a green dress dances on a stage .,A woman in a green dress dances gracefully on the stage.,"A woman dressed in a green dress stands gracefully on an indoor stage, her movements fluid and precise as she twirls around. Her eyes lock onto a spot directly ahead, lost in concentration. The audience watches intently from various seats positioned around the perimeter, some smiling softly, others clapping rhythmically. The room's soft lighting casts gentle shadows across the stage, highlighting the intricate patterns in her gown. As the music swells, her body becomes more animated, each turn and spin more pronounced. The camera captures every moment, frozen in time, waiting for the perfect shot.",0.56,0.667,0,0,1,1,2
1034276567.jpg,A young boy is eating a sandwich .,A young boy eats a sandwich.,"A young boy was alone outside, sitting on a chair in the sun. He had just finished his lunch, which consisted of a sandwich. Now he sat quietly, enjoying his meal before starting another adventure.",0.429,1.0,0,0,1,1,0
1039637574.jpg,A woman in a white dress is standing next to a man in a black dress .,A woman in a white dress stands next to a man in a black dress.,"The woman in the white dress stood gracefully, her dress flowing slightly behind her. Beside her, the man in the black dress stood stiffly, his expression unreadable. They both seemed lost in their own thoughts, each absorbed in their own world. As the sun set, casting long shadows across the scene, the couple continued to stand together, unaware of the passing hours.",0.667,1.0,0,1,0,1,2
104136873.jpg,A group of people are sitting on a hill overlooking the mountains .,A group of people sits on a hill overlooking the mountains.,"The sun was just beginning to set over the horizon, casting long shadows across the green hills below. A group of friends sat on the hillside, each holding onto a picnic blanket, watching the world slowly turn into twilight. They chatted animatedly, sharing stories from their days spent exploring nature's beauty. As they sat there, looking out at the distant peaks, their laughter mingled with the soft rustling of leaves in the breeze. The sky turned an array of hues, painting the landscape before them like a vibrant canvas.",0.36,0.667,0,0,1,1,0
1043910339.jpg,A baseball player in a red and white uniform is swinging at the ball .,A baseball player swings at the ball during an uncertain action.,"A baseball player in a red and white uniform stands ready at home plate, his eyes fixed intently on the ball rolling towards him. His teammates watch from behind the dugout, some smiling broadly, others fidgeting nervously. As he swings, the bat cracks against the ball, sending it flying through the air toward the outfield. The catcher leaps into action, catching the ball just before it lands, bringing an end to another promising play.",0.579,1.0,0,0,1,1,1
1045309098.jpg,A woman in a white shirt and a man in a black shirt are crossing the street .,A woman in a white shirt crosses the street while a man in a black shirt watches.,"A woman in a white shirt walked briskly across the street, her eyes scanning the surroundings for any potential danger. Behind her, a man in a dark blue jacket was also making his way across the same thoroughfare, determined to reach his destination quickly. As he crossed, he paused briefly to check his watch before continuing his journey. The woman continued her pace, her steps steady and purposeful, while the man glanced back once more before resuming his walk.",0.722,1.0,0,0,0,1,1
104763189.jpg,Two young boys are riding bikes in the grass .,Two young boys ride their bikes in the grass.,"The sun was high in the sky, casting long shadows over the lush green grass beneath the two young boys who had been sitting under an old oak tree. They had been planning this for days, dreaming of the adventure ahead. Suddenly, the first boy shouted ""let's go!"" and with a spring in his step, he pedaled away from the tree towards the rolling hills beyond. His friend followed closely behind, both eager to start the journey. As they rode, the wind tousled their hair and carried the scent of freshly cut grass, filling their lungs with pure joy. Soon, they would reach their destination, where the excitement awaited them.",0.5,0.667,0,1,4,1,0
